,cdn.AUMU01000002.1.region001,FDZ060-GRRNs.79.k141_8235326.region001,FDZ070-GBkY14-16.19.k141_295477.region001,FDZ070-WuWY16-18.123.k141_3203126.region001,FDZ076-BkWG26-28.92.k141_2538591.region001,FDZ081-WW14-16.12.k141_2713136.region001,mvd.BGC0000594,SAMD00324604_k141_1928559.region001,SAMD00324604_k141_859481.region001,SAMD00324612_k141_2426270.region001,SAMD00324618_k141_585885.region001,SAMEA3696444_k129_48947.region001,SAMN03859986_k141_190433.region001,SAMN05421697_k141_38693.region001,SAMN05421697_k141_66448.region001,SAMN06266017_k141_472620.region001,SAMN06266017_k141_946008.region001,SAMN06267296_k141_730012.region001,SAMN07571238_k129_515968.region001,SAMN07748056_k141_2011422.region001,SAMN07748056_k141_2044812.region001,SAMN07748056_k141_252639.region001,SAMN07748057_k141_1813030.region001,SAMN07748057_k141_301426.region001,SAMN07748060_k141_509131.region001,SAMN07748062_k141_20456.region001,SAMN07748062_k141_502117.region001,SAMN09765674_k141_960968.region001,SAMN12239307_k141_20945.region001,SAMN12673456_k141_1760755.region001,SAMN14511031_k141_1798160.region001,SAMN15739657_k141_2377814.region001,SAMN16657991_k119_52788.region001,SAMN17674650_k141_4329.region001,SAMN17674816_k141_2929.region001,SAMN17675306_k141_3914.region001,SAMN17675998_k141_2872.region001,SAMN25209157_k141_244174.region001,SAMN25209160_k141_212082.region001,SAMN25209161_k141_396804.region001,SAMN25209162_k141_304645.region001,SAMN25209162_k141_56456.region001,SAMN25209163_k141_126057.region001,SAMN25209164_k141_466547.region001,SAMN25209170_k141_955335.region001,SAMN25209178_k141_282.region001,SAMN25209184_k141_326657.region001,SAMN35165513_k141_1127080.region001,SAMN35165513_k141_824380.region001,SAMN35165515_k141_472203.region001,SAMN35165515_k141_96319.region001,SAMN35165530_k141_845541.region001,SAMN40547840_k141_3546768.region001
cdn.AUMU01000002.1.region001,0.0,0.9207032683189768,0.900817595332075,0.915754443798611,0.8453291893794928,0.5735923566545005,0.9479852062030616,0.9879472824409744,1.0,0.986034554798922,0.9858537661345468,0.7763925424758215,0.9744423670725315,0.9854651829065554,0.9840303902243782,0.9016389427270478,1.0,0.9357112091444533,0.9474585924357484,0.9625271261591669,0.9215041068254147,0.9879230680410567,0.9625271261591669,1.0,0.9734109745970586,0.9734109745970586,0.963071458681201,0.9212229266385724,0.9734647772440065,0.8330792731007878,0.9884489289549316,0.9625828853301027,0.9480014126366018,0.9749557504859575,0.9749557504859575,0.9749557504859575,0.9749557504859575,0.6493335008832979,0.3163353571508778,0.316335357150878,0.14803785048831275,0.5861961113721035,0.316335357150878,0.316335357150878,0.316335357150878,0.3178565334679748,0.9250204855555035,0.9488126613696893,0.9874557527529257,0.9874557527529257,0.9488126613696893,0.9756668117910153,0.8850375750190709
FDZ060-GRRNs.79.k141_8235326.region001,0.9207032683189768,0.0,0.9279496423320032,0.927762064581057,0.9212377577361026,0.932541884441065,0.9361182719605162,1.0,0.9884951332391119,0.9707866618522547,0.9707866618522547,0.9865258317214824,0.9372877667698416,0.9713615777285574,0.9703718753845946,0.9537901159320636,1.0,0.923923654923843,0.9608626793158714,0.9082919357566859,0.9012170400861029,0.8729569464408433,0.8756974835913802,0.9560823922470023,0.958762541526308,0.958762541526308,0.9100996847032318,0.9286387200602653,0.9818002107737364,0.9139207702363522,0.9716917814390396,0.929290060845097,0.8784544678158897,0.9401247896273535,0.9401247896273535,0.9401247896273535,0.9401247896273535,0.9468741681108338,0.9070158160242243,0.9070158160242243,0.9055051443364991,0.9494759372739847,0.9070158160242243,0.9070158160242243,0.9070158160242243,0.9070158160242243,0.8997736874667487,0.938243674598698,1.0,1.0,0.938243674598698,0.9594306999305853,0.9452060993792711
FDZ070-GBkY14-16.19.k141_295477.region001,0.900817595332075,0.9279496423320032,0.0,0.7698018639952678,0.9342005137794627,0.9233449743233147,0.9406614178864644,0.9874626451964681,1.0,0.9832718554515277,0.9832718554515277,0.9756893893869599,0.9884538971575316,0.9845680465869969,0.9838285005369043,0.9398423005841305,1.0,0.9380284141758596,0.959471492092326,0.9439486452775554,0.9450596114221688,0.9470176227417324,0.9438324345021929,0.9882001366554993,0.9881023968235796,0.9881023968235796,0.9764633176181678,0.930427913138646,1.0,0.9260145425290595,1.0,0.958564310927117,0.9422623183361043,0.9309453691416016,0.9309453691416016,0.9309453691416016,0.9309453691416016,0.9439237176910894,0.9006190558397607,0.9006190558397607,0.9145726880989338,0.9432836075120637,0.9006190558397607,0.9006190558397607,0.9006190558397607,0.9006190558397607,0.9447277405509749,0.9405968256410893,1.0,1.0,0.9284292890525139,0.9598356601489567,0.9531257552886365
FDZ070-WuWY16-18.123.k141_3203126.region001,0.915754443798611,0.927762064581057,0.7698018639952678,0.0,0.9219399483955912,0.942021672345694,0.9401194114662126,0.9878313909259837,1.0,0.9828166678447665,0.9828166678447665,0.9881687540402214,1.0,0.9845680465869969,0.983944011247355,0.9404496551977112,1.0,0.9373783440639206,0.971561464589405,0.954651456634389,0.9447326839248985,0.9460445006713952,0.9545352458590265,0.9764002733109988,0.9882789191259004,0.9882789191259004,0.9765774532011131,0.9309875816972616,1.0,0.9243088895916104,1.0,0.9581317385598281,0.9418601938870916,0.9424206316460324,0.9424206316460324,0.9424206316460324,0.9424206316460324,0.9362131647620822,0.9048373243911119,0.9048373243911119,0.9171381548380052,0.9477805720999493,0.9048373243911119,0.9048373243911119,0.9048373243911119,0.9048373243911119,0.9444922719594806,0.9398332953789369,1.0,1.0,0.9397184763493871,0.9592457259509691,0.9542601856131405
FDZ076-BkWG26-28.92.k141_2538591.region001,0.8453291893794928,0.9212377577361026,0.9342005137794627,0.9219399483955912,0.0,0.9322446860301985,0.9730623355827014,1.0,0.9881567548049681,1.0,1.0,0.9184269321149221,0.987979989951311,1.0,0.988450279957393,0.9339382016386727,1.0,0.9731780041106098,0.9091601756961318,0.9639913421890303,0.9130594779390586,0.9127386826657924,0.9639913421890303,0.9492044878409945,0.949971374325301,0.949971374325301,0.948791606000133,0.8681152856672381,0.9864648626342493,0.9139798435705576,0.9447950282473202,0.9864917982309971,0.9224555767127299,0.9864785760459673,0.9864785760459673,0.9864785760459673,0.9864785760459673,0.8256093705489805,0.7781289907432156,0.7781289907432157,0.812461475893385,0.8030303331116355,0.7781289907432157,0.7781289907432157,0.7781289907432157,0.7781289907432157,0.9069146571534958,0.9747708421903757,1.0,1.0,0.9748816790570509,0.9867162682981714,0.9363942624931351
FDZ081-WW14-16.12.k141_2713136.region001,0.5735923566545005,0.932541884441065,0.9233449743233147,0.942021672345694,0.9322446860301985,0.0,0.936685645858455,1.0,1.0,0.9853636310438406,0.9853636310438406,0.9018130715872387,0.9863758156778957,0.984934103051218,0.9833598191485239,0.94571093104115,1.0,0.9469226712679765,0.9586386686681772,0.985817471941706,0.9572452255672421,0.975954357258301,0.9857040117172396,1.0,0.9737608301944657,0.9737608301944657,0.9753012664308737,0.945588034528531,0.9868804150972329,0.9240865716503668,0.9875623062044453,0.9607850317128244,0.9615976367391331,0.97538635398687,0.97538635398687,0.97538635398687,0.97538635398687,0.90684185982727,0.6253460686861254,0.6253460686861254,0.6130604328975149,0.8809427876981968,0.6253460686861254,0.6253460686861254,0.6253460686861254,0.6267863432195386,0.9333094907412302,0.9604970469587619,1.0,1.0,0.9604970469587619,0.9625614654647296,0.9485084961633329
mvd.BGC0000594,0.9479852062030616,0.9361182719605162,0.9406614178864644,0.9401194114662126,0.9730623355827014,0.936685645858455,0.0,1.0,0.9609138380152301,0.9682523171788299,0.9682523171788299,1.0,0.9620614540382397,0.9709987796766434,0.9685710597532715,0.958996470485299,1.0,0.909710208766503,0.970636961391045,0.9376542412065192,0.886513840647358,0.9416543499458393,0.9375383815211125,0.9737881892595676,0.9877874926248509,0.9877874926248509,0.9117391605792882,0.9425406979288459,0.9739538730715972,0.8983986993943783,0.9870106343022231,0.9429457793505203,0.9283992072813955,0.9302744698625297,0.9302744698625297,0.9302744698625297,0.9302744698625297,0.9754501059490523,0.9471486800237365,0.9471486800237365,0.9709163870043451,0.9883495020142905,0.9471486800237365,0.9471486800237365,0.9471486800237365,0.9471486800237365,0.8846934138294223,0.9253910594432815,1.0,1.0,0.9253910594432815,0.9561880202506466,0.95950277193982
SAMD00324604_k141_1928559.region001,0.9879472824409744,1.0,0.9874626451964681,0.9878313909259837,1.0,1.0,1.0,0.0,1.0,1.0,1.0,0.9879687667859993,1.0,1.0,1.0,0.98686172622985,0.7104383387317832,1.0,1.0,1.0,1.0,1.0,1.0,1.0,1.0,1.0,1.0,1.0,1.0,0.9884951332391119,0.9881116376804157,1.0,1.0,0.9864648626342493,0.9864648626342493,0.9864648626342493,0.9864648626342493,0.9760506914086595,0.9750727886847425,0.9750727886847425,0.9881116376804157,0.9750727886847425,0.9750727886847425,0.9750727886847425,0.9750727886847425,0.9750727886847425,1.0,0.9854980671081243,0.9856189165488899,0.9856189165488899,0.9854980671081243,0.9865337437404363,0.9869685975200296
SAMD00324604_k141_859481.region001,1.0,0.9884951332391119,1.0,1.0,0.9881567548049681,1.0,0.9609138380152301,1.0,0.0,1.0,1.0,1.0,0.9874372144565015,1.0,1.0,1.0,1.0,0.9884951332391119,1.0,1.0,1.0,1.0,1.0,1.0,1.0,1.0,1.0,1.0,0.9857001656079357,1.0,0.9750146832970612,1.0,1.0,1.0,1.0,1.0,1.0,1.0,1.0,1.0,1.0,1.0,1.0,1.0,1.0,1.0,0.9746431898348368,1.0,1.0,1.0,1.0,1.0,1.0
SAMD00324612_k141_2426270.region001,0.986034554798922,0.9707866618522547,0.9832718554515277,0.9828166678447665,1.0,0.9853636310438406,0.9682523171788299,1.0,1.0,0.0,0.9235954690634091,1.0,1.0,0.9812307309641101,0.9796631143115614,0.9838006186412782,1.0,0.9715944384789896,0.9837443673627253,0.9698761652377331,0.9538161334432845,0.9697677604378663,0.9698761652377331,0.9877774807316101,0.985900898577343,0.985900898577343,0.9492806131768722,0.9830575096456573,1.0,0.9738358684858401,1.0,0.970429566826718,0.9693805780147999,0.9705216666929855,0.9705216666929855,0.9705216666929855,0.9705216666929855,1.0,0.9854068061735047,0.9854068061735047,0.9851984170327756,1.0,0.9854068061735047,0.9854068061735047,0.9854068061735047,0.9854068061735047,0.9658040310420685,0.9677914102914549,1.0,1.0,0.9677914102914549,0.970137847613977,0.9849985560862929
SAMD00324618_k141_585885.region001,0.9858537661345468,0.9707866618522547,0.9832718554515277,0.9828166678447665,1.0,0.9853636310438406,0.9682523171788299,1.0,1.0,0.9235954690634091,0.0,1.0,1.0,0.9811131316437873,0.9796631143115614,0.9838006186412782,1.0,0.971706900519663,0.9837443673627253,0.9697603055523265,0.9538161334432845,0.9697677604378663,0.9697603055523265,0.9877774807316101,0.9860136913887243,0.9860136913887243,0.9490061294903116,0.9830575096456573,1.0,0.9742181108334581,1.0,0.970674853477504,0.9698428323501219,0.9705216666929855,0.9705216666929855,0.9705216666929855,0.9705216666929855,1.0,0.9852241417090555,0.9852241417090555,0.9850179577652186,1.0,0.9852241417090555,0.9852241417090555,0.9852241417090555,0.9852241417090555,0.965806346676696,0.9677914102914549,1.0,1.0,0.9677914102914549,0.970137847613977,0.9849985560862929
SAMEA3696444_k129_48947.region001,0.7763925424758215,0.9865258317214824,0.9756893893869599,0.9881687540402214,0.9184269321149221,0.9018130715872387,1.0,0.9879687667859993,1.0,1.0,1.0,0.0,0.975091018810696,1.0,1.0,0.9726967835928199,1.0,1.0,0.9728620644521789,1.0,0.9726643903718457,1.0,1.0,1.0,1.0,1.0,1.0,0.9725442122774036,0.9877084756828118,0.9403469271817703,0.9884951332391119,1.0,1.0,1.0,1.0,1.0,1.0,0.8597856590691998,0.769634807451707,0.769634807451707,0.7786513400751957,0.8025411685769754,0.769634807451707,0.769634807451707,0.769634807451707,0.7710892023236832,0.9880157637907415,1.0,1.0,1.0,1.0,1.0,0.9697997247526687
SAMN03859986_k141_190433.region001,0.9744423670725315,0.9372877667698416,0.9884538971575316,1.0,0.987979989951311,0.9863758156778957,0.9620614540382397,1.0,0.9874372144565015,1.0,1.0,0.975091018810696,0.0,1.0,1.0,0.9873672051252993,1.0,0.9735571386857425,0.9883789224637494,0.9590772356385303,0.9729731628081832,0.9262770925550635,0.9275516154983123,0.9723335346940548,0.9744582931001442,0.9744582931001442,0.974633296582551,1.0,0.9596630121077674,0.9718740671482484,0.9702388980081911,0.9875623062044453,0.9435545215123594,0.9863121585203792,0.9863121585203792,0.9863121585203792,0.9863121585203792,0.961268683845698,0.9608400407190453,0.9608400407190453,0.972281814513811,0.9608400407190453,0.9608400407190453,0.9608400407190453,0.9608400407190453,0.9608400407190453,0.9382007970449512,0.9866711909477516,1.0,1.0,0.9866711909477516,0.9755736825741699,0.9867602723783431
SAMN05421697_k141_38693.region001,0.9854651829065554,0.9713615777285574,0.9845680465869969,0.9845680465869969,1.0,0.984934103051218,0.9709987796766434,1.0,1.0,0.9812307309641101,0.9811131316437873,1.0,1.0,0.0,0.9788901527323154,0.9853695335988706,1.0,0.973319113985441,0.9834164082725937,0.9696942308298705,0.9586353805527,0.9723400695358406,0.9695773114522193,0.9876255793560215,0.9879505927177002,0.9879505927177002,0.9470773443456019,0.9715774690673138,1.0,0.9743351321884607,1.0,0.9718011277611467,0.9711588911493756,0.9722179331494937,0.9722179331494937,0.9722179331494937,0.9722179331494937,1.0,0.984934103051218,0.984934103051218,0.9847729704635304,1.0,0.984934103051218,0.984934103051218,0.984934103051218,0.984934103051218,0.9684759201409815,0.9709642936450288,1.0,1.0,0.9709642936450288,0.9710476630256963,0.9736458383516197
SAMN05421697_k141_66448.region001,0.9840303902243782,0.9703718753845946,0.9838285005369043,0.983944011247355,0.988450279957393,0.9833598191485239,0.9685710597532715,1.0,1.0,0.9796631143115614,0.9796631143115614,1.0,1.0,0.9788901527323154,0.0,0.983596143732067,1.0,0.9698383011461333,0.9830199255637495,0.9713279185199045,0.9566579996046807,0.9713169821779705,0.9712109991422532,0.9873620781793274,0.9878291828677231,0.9878291828677231,0.960825870478001,0.9715431800967417,1.0,0.9742628692563888,1.0,0.9706474073842444,0.9826917933685754,0.9690621347501331,0.9690621347501331,0.9690621347501331,0.9690621347501331,1.0,0.9832864622180133,0.9832864622180133,0.9834348072279125,1.0,0.9832864622180133,0.9832864622180133,0.9832864622180133,0.9832864622180133,0.9663118602198506,0.9686159622023535,1.0,1.0,0.9686159622023535,0.9704612197230642,0.9847051624684185
SAMN06266017_k141_472620.region001,0.9016389427270478,0.9537901159320636,0.9398423005841305,0.9404496551977112,0.9339382016386727,0.94571093104115,0.958996470485299,0.98686172622985,1.0,0.9838006186412782,0.9838006186412782,0.9726967835928199,0.9873672051252993,0.9853695335988706,0.983596143732067,0.0,1.0,0.9703606155196444,0.9607259719953529,0.9732742034252937,0.9467281948248293,0.9619649555811095,0.9731655644568245,0.9883283960396787,0.9754169513656237,0.9754169513656237,0.9767367042785225,0.9572497386239464,0.9878183763708244,0.9328771255540032,0.9763355179633765,0.9481093630265636,0.9595726532373777,0.9604141036727377,0.9604141036727377,0.9604141036727377,0.9604141036727377,0.9346284761091362,0.8867444451519602,0.8867444451519602,0.8833537375787838,0.9369374406625655,0.8867444451519602,0.8867444451519602,0.8867444451519602,0.8867444451519602,0.9444305669840919,0.9573720961124633,0.9875623062044453,0.9875623062044453,0.9573720961124633,0.9751538449724201,0.9213873495605259
SAMN06266017_k141_946008.region001,1.0,1.0,1.0,1.0,1.0,1.0,1.0,0.7104383387317832,1.0,1.0,1.0,1.0,1.0,1.0,1.0,1.0,0.0,0.9884342609282077,1.0,1.0,1.0,1.0,1.0,1.0,1.0,1.0,1.0,1.0,1.0,0.9884951332391119,0.9884951332391119,1.0,1.0,1.0,1.0,1.0,1.0,1.0,1.0,1.0,1.0,1.0,1.0,1.0,1.0,1.0,0.9882477167496304,1.0,1.0,1.0,1.0,1.0,1.0
SAMN06267296_k141_730012.region001,0.9357112091444533,0.923923654923843,0.9380284141758596,0.9373783440639206,0.9731780041106098,0.9469226712679765,0.909710208766503,1.0,0.9884951332391119,0.9715944384789896,0.971706900519663,1.0,0.9735571386857425,0.973319113985441,0.9698383011461333,0.9703606155196444,0.9884342609282077,0.0,0.9715040181465221,0.9299525550593888,0.9161817070782126,0.9460931682257487,0.9299525550593888,0.9746671257527111,1.0,1.0,0.9480404276611023,0.945466628839655,0.9863037300465618,0.9204293795584084,0.9711369132139123,0.9438805589144521,0.9263865947297844,0.9378876647850054,0.9378876647850054,0.9378876647850054,0.9378876647850054,0.9758195108061032,0.9354010806730615,0.9354010806730615,0.9465783256807893,0.9883942133552445,0.9354010806730615,0.9354010806730615,0.9354010806730615,0.9354010806730615,0.910888722349991,0.9383929872122003,1.0,1.0,0.9385081510436406,0.9572977261782397,0.9579200127088444
SAMN07571238_k129_515968.region001,0.9474585924357484,0.9608626793158714,0.959471492092326,0.971561464589405,0.9091601756961318,0.9586386686681772,0.970636961391045,1.0,1.0,0.9837443673627253,0.9837443673627253,0.9728620644521789,0.9883789224637494,0.9834164082725937,0.9830199255637495,0.9607259719953529,1.0,0.9715040181465221,0.0,0.9732655411120912,0.9477115879112561,0.9854314536361194,0.9732655411120912,1.0,0.9759272723922853,0.9759272723922853,0.9520967009614862,0.9320631684229203,0.9877978685869369,0.950774811800679,0.9734433186906136,0.9731982491318975,0.9854651829065554,0.9722966227608469,0.9722966227608469,0.9722966227608469,0.9722966227608469,0.959752567453657,0.9291990449225624,0.9291990449225624,0.9416967719667577,0.9442447408832126,0.9291990449225624,0.9291990449225624,0.9291990449225624,0.9291990449225624,0.9457791191131804,0.9705155422445139,1.0,1.0,0.9705155422445139,0.9743563896299775,0.9730916962970998
SAMN07748056_k141_2011422.region001,0.9625271261591669,0.9082919357566859,0.9439486452775554,0.954651456634389,0.9639913421890303,0.985817471941706,0.9376542412065192,1.0,1.0,0.9698761652377331,0.9697603055523265,1.0,0.9590772356385303,0.9696942308298705,0.9713279185199045,0.9732742034252937,1.0,0.9299525550593888,0.9732655411120912,0.0,0.8873172854322934,0.8841231314685186,0.7828864907614514,0.950835303567573,0.947430041318005,0.9471391098431213,0.8790897265614054,0.9488451276893185,0.9868173401698157,0.9472872074960954,0.9707812907659985,0.9410106133935041,0.904383735137646,0.9395270666499645,0.9395270666499645,0.9395270666499645,0.9395270666499645,0.9883495020142905,0.9612097431429792,0.9612097431429792,0.9616101604936209,0.9883495020142905,0.9612097431429792,0.9612097431429792,0.9612097431429792,0.9612097431429792,0.8829472117224852,0.9363727134508495,1.0,1.0,0.9363727134508495,0.9548321795307927,0.9594435443885853
SAMN07748056_k141_2044812.region001,0.9215041068254147,0.9012170400861029,0.9450596114221688,0.9447326839248985,0.9130594779390586,0.9572452255672421,0.886513840647358,1.0,1.0,0.9538161334432845,0.9538161334432845,0.9726643903718457,0.9729731628081832,0.9586353805527,0.9566579996046807,0.9467281948248293,1.0,0.9161817070782126,0.9477115879112561,0.8873172854322934,0.0,0.8787112206919314,0.8873585706873784,0.940723507447985,0.9299047659971112,0.9300172280377846,0.7957320449836064,0.9213191727149316,0.9858712162585584,0.9262017225638526,0.9716409065078209,0.9006075475982591,0.8898730215165355,0.9004860904701115,0.9004860904701115,0.9004860904701115,0.9004860904701115,0.9594682772756263,0.8969698009355076,0.8969698009355076,0.9199437515013943,0.9473235172204166,0.8969698009355076,0.8969698009355076,0.8969698009355076,0.8969698009355076,0.8713462576326629,0.9097862902851095,1.0,1.0,0.910011893472134,0.9307053574181053,0.9580405829082835
SAMN07748056_k141_252639.region001,0.9879230680410567,0.8729569464408433,0.9470176227417324,0.9460445006713952,0.9127386826657924,0.975954357258301,0.9416543499458393,1.0,1.0,0.9697677604378663,0.9697677604378663,1.0,0.9262770925550635,0.9723400695358406,0.9713169821779705,0.9619649555811095,1.0,0.9460931682257487,0.9854314536361194,0.8841231314685186,0.8787112206919314,0.0,0.8509317147704253,0.8541789100400383,0.9346463848079866,0.9345365006937469,0.8798014873746445,0.9484923964394341,0.9690681118487456,0.9627821018658596,0.9599050476773323,0.9299432931282825,0.8521198256480665,0.943287341055208,0.943287341055208,0.943287341055208,0.943287341055208,0.9745895219237837,0.9623116433695045,0.9623116433695045,0.9514948237405647,0.9872168147101243,0.9623116433695045,0.9623116433695045,0.9623116433695045,0.9623116433695045,0.8796844199603701,0.9402150228914862,1.0,1.0,0.9403252227646747,0.9581165599198697,0.9634218357012198
SAMN07748057_k141_1813030.region001,0.9625271261591669,0.8756974835913802,0.9438324345021929,0.9545352458590265,0.9639913421890303,0.9857040117172396,0.9375383815211125,1.0,1.0,0.9698761652377331,0.9697603055523265,1.0,0.9275516154983123,0.9695773114522193,0.9712109991422532,0.9731655644568245,1.0,0.9299525550593888,0.9732655411120912,0.7828864907614514,0.8873585706873784,0.8509317147704253,0.0,0.950835303567573,0.947430041318005,0.9471391098431213,0.8789755909784601,0.9488451276893185,0.9868173401698157,0.9472872074960954,0.9707812907659985,0.9408957943639543,0.8720574909978157,0.9394101472723132,0.9394101472723132,0.9394101472723132,0.9394101472723132,0.9883495020142905,0.9612097431429792,0.9612097431429792,0.9616101604936209,0.9883495020142905,0.9612097431429792,0.9612097431429792,0.9612097431429792,0.9612097431429792,0.8851174786452378,0.9363727134508495,1.0,1.0,0.9363727134508495,0.9547183826291025,0.9593300841641189
SAMN07748057_k141_301426.region001,1.0,0.9560823922470023,0.9882001366554993,0.9764002733109988,0.9492044878409945,1.0,0.9737881892595676,1.0,1.0,0.9877774807316101,0.9877774807316101,1.0,0.9723335346940548,0.9876255793560215,0.9873620781793274,0.9883283960396787,1.0,0.9746671257527111,1.0,0.950835303567573,0.940723507447985,0.8541789100400383,0.950835303567573,0.0,0.959309241864672,0.959194765578494,0.9472511373768572,0.9756689792591862,0.9833262800566839,0.9881664227602294,0.9856189165488899,0.9594437804998387,0.9358315891810944,0.9739697849422321,0.9739697849422321,0.9739697849422321,0.9739697849422321,0.9628896574211856,0.9872168147101243,0.9872168147101243,0.9877281421217193,0.9872168147101243,0.9872168147101243,0.9872168147101243,0.9872168147101243,0.9872168147101243,0.9409616165354319,0.97178245544542,1.0,1.0,0.9718945886497171,0.9848004809053308,0.976616855025601
SAMN07748060_k141_509131.region001,0.9734109745970586,0.958762541526308,0.9881023968235796,0.9882789191259004,0.949971374325301,0.9737608301944657,0.9877874926248509,1.0,1.0,0.985900898577343,0.9860136913887243,1.0,0.9744582931001442,0.9879505927177002,0.9878291828677231,0.9754169513656237,1.0,1.0,0.9759272723922853,0.947430041318005,0.9299047659971112,0.9346463848079866,0.947430041318005,0.959309241864672,0.0,0.7747191231622379,0.8679213156137662,0.9626329758055279,0.9723125529492294,1.0,0.9720752744372751,0.9880017471402044,0.9629229459215823,0.9879311691822056,0.9879311691822056,0.9879311691822056,0.9879311691822056,0.9620684502963891,0.9401608603073613,0.9401608603073613,0.9504197923302863,0.9401608603073613,0.9401608603073613,0.9401608603073613,0.9401608603073613,0.9401608603073613,0.9109033019902478,0.987102679127179,1.0,1.0,0.987102679127179,0.9868744079612883,0.9883495020142905
SAMN07748062_k141_20456.region001,0.9734109745970586,0.958762541526308,0.9881023968235796,0.9882789191259004,0.949971374325301,0.9737608301944657,0.9877874926248509,1.0,1.0,0.985900898577343,0.9860136913887243,1.0,0.9744582931001442,0.9879505927177002,0.9878291828677231,0.9754169513656237,1.0,1.0,0.9759272723922853,0.9471391098431213,0.9300172280377846,0.9345365006937469,0.9471391098431213,0.959194765578494,0.7747191231622379,0.0,0.8679213156137662,0.9626329758055279,0.9603283167399709,1.0,0.9720752744372751,0.9880017471402044,0.9629229459215823,0.9879311691822056,0.9879311691822056,0.9879311691822056,0.9879311691822056,0.9620684502963891,0.9401608603073613,0.9401608603073613,0.9504197923302863,0.9401608603073613,0.9401608603073613,0.9401608603073613,0.9401608603073613,0.9401608603073613,0.9109033019902478,0.987102679127179,1.0,1.0,0.987102679127179,0.9868744079612883,0.9883495020142905
SAMN07748062_k141_502117.region001,0.963071458681201,0.9100996847032318,0.9764633176181678,0.9765774532011131,0.948791606000133,0.9753012664308737,0.9117391605792882,1.0,1.0,0.9492806131768722,0.9490061294903116,1.0,0.974633296582551,0.9470773443456019,0.960825870478001,0.9767367042785225,1.0,0.9480404276611023,0.9520967009614862,0.8790897265614054,0.7957320449836064,0.8798014873746445,0.8789755909784601,0.9472511373768572,0.8679213156137662,0.8679213156137662,0.0,0.935984149122367,0.9733647631889301,0.9642943659854456,0.9626257187263952,0.9045670175373532,0.8911400307169197,0.9227572564463856,0.9227572564463855,0.9227572564463855,0.9227572564463855,1.0,0.9639394297317206,0.9639394297317206,0.9640365710280296,0.9884951332391119,0.9639394297317206,0.9639394297317206,0.9639394297317206,0.9639394297317206,0.8451682024568714,0.8985558757410693,1.0,1.0,0.910237477541295,0.9458728355020548,0.9877099346174489
SAMN09765674_k141_960968.region001,0.9212229266385724,0.9286387200602653,0.930427913138646,0.9309875816972616,0.8681152856672381,0.945588034528531,0.9425406979288459,1.0,1.0,0.9830575096456573,0.9830575096456573,0.9725442122774036,1.0,0.9715774690673138,0.9715431800967417,0.9572497386239464,1.0,0.945466628839655,0.9320631684229203,0.9488451276893185,0.9213191727149316,0.9484923964394341,0.9488451276893185,0.9756689792591862,0.9626329758055279,0.9626329758055279,0.935984149122367,0.0,0.987979989951311,0.9218770139040835,0.9877978685869369,0.95961237310497,0.9452272973148751,0.9583443977631888,0.9583443977631888,0.9583443977631888,0.9583443977631888,0.9348101962462841,0.9036957537445931,0.9036957537445931,0.9138064104232845,0.94500034529031,0.9036957537445931,0.9036957537445931,0.9036957537445931,0.9036957537445931,0.9188503100264214,0.944006928633961,1.0,1.0,0.944006928633961,0.9612035252172584,0.9433696116690933
SAMN12239307_k141_20945.region001,0.9734647772440065,0.9818002107737364,1.0,1.0,0.9864648626342493,0.9868804150972329,0.9739538730715972,1.0,0.9857001656079357,1.0,1.0,0.9877084756828118,0.9596630121077674,1.0,1.0,0.9878183763708244,1.0,0.9863037300465618,0.9877978685869369,0.9868173401698157,0.9858712162585584,0.9690681118487456,0.9868173401698157,0.9833262800566839,0.9723125529492294,0.9603283167399709,0.9733647631889301,0.987979989951311,0.0,0.9744336294202487,0.9691760290187675,1.0,0.9846601776521492,1.0,1.0,1.0,1.0,0.9748223007529737,0.9735445733004641,0.9735445733004641,0.9727988566860626,0.9735445733004641,0.9735445733004641,0.9735445733004641,0.9735445733004641,0.9735445733004641,0.9427265672287992,1.0,1.0,1.0,1.0,1.0,0.9876733570419056
SAMN12673456_k141_1760755.region001,0.8330792731007878,0.9139207702363522,0.9260145425290595,0.9243088895916104,0.9139798435705576,0.9240865716503668,0.8983986993943783,0.9884951332391119,1.0,0.9738358684858401,0.9742181108334581,0.9403469271817703,0.9718740671482484,0.9743351321884607,0.9742628692563888,0.9328771255540032,0.9884951332391119,0.9204293795584084,0.950774811800679,0.9472872074960954,0.9262017225638526,0.9627821018658596,0.9472872074960954,0.9881664227602294,1.0,1.0,0.9642943659854456,0.9218770139040835,0.9744336294202487,0.0,0.9427761960731448,0.933226064169602,0.936613197394209,0.937814131628202,0.937814131628202,0.937814131628202,0.937814131628202,0.9006274809137391,0.8457201117042431,0.8457201117042431,0.8473676133343343,0.8896794811631087,0.8457201117042431,0.8457201117042431,0.8457201117042431,0.8457201117042431,0.9189080137632114,0.9461131597237789,1.0,1.0,0.9461131597237789,0.9750332764628258,0.9338824879881767
SAMN14511031_k141_1798160.region001,0.9884489289549316,0.9716917814390396,1.0,1.0,0.9447950282473202,0.9875623062044453,0.9870106343022231,0.9881116376804157,0.9750146832970612,1.0,1.0,0.9884951332391119,0.9702388980081911,1.0,1.0,0.9763355179633765,0.9884951332391119,0.9711369132139123,0.9734433186906136,0.9707812907659985,0.9716409065078209,0.9599050476773323,0.9707812907659985,0.9856189165488899,0.9720752744372751,0.9720752744372751,0.9626257187263952,0.9877978685869369,0.9691760290187675,0.9427761960731448,0.0,0.9880468916769993,0.9728066785651736,1.0,1.0,1.0,1.0,0.9866222479524557,0.9757717707375386,0.9757717707375386,0.9873672051252993,0.9757717707375386,0.9757717707375386,0.9757717707375386,0.9757717707375386,0.9757717707375386,0.9455577699078688,1.0,1.0,1.0,1.0,1.0,0.9761506034373181
SAMN15739657_k141_2377814.region001,0.9625828853301027,0.929290060845097,0.958564310927117,0.9581317385598281,0.9864917982309971,0.9607850317128244,0.9429457793505203,1.0,1.0,0.970429566826718,0.970674853477504,1.0,0.9875623062044453,0.9718011277611467,0.9706474073842444,0.9481093630265636,1.0,0.9438805589144521,0.9731982491318975,0.9410106133935041,0.9006075475982591,0.9299432931282825,0.9408957943639543,0.9594437804998387,0.9880017471402044,0.9880017471402044,0.9045670175373532,0.95961237310497,1.0,0.933226064169602,0.9880468916769993,0.0,0.9289250610824427,0.9428278996595687,0.9428278996595687,0.9428278996595687,0.9428278996595687,0.9643714403979121,0.9123507901280891,0.9123507901280891,0.9367093077925265,0.951252480840547,0.9123507901280891,0.9123507901280891,0.9123507901280891,0.9123507901280891,0.92407879558761,0.94043934048389,1.0,1.0,0.9405498579359639,0.9592943304252798,0.9610105291697236
SAMN16657991_k119_52788.region001,0.9480014126366018,0.8784544678158897,0.9422623183361043,0.9418601938870916,0.9224555767127299,0.9615976367391331,0.9283992072813955,1.0,1.0,0.9693805780147999,0.9698428323501219,1.0,0.9435545215123594,0.9711588911493756,0.9826917933685754,0.9595726532373777,1.0,0.9263865947297844,0.9854651829065554,0.904383735137646,0.8898730215165355,0.8521198256480665,0.8720574909978157,0.9358315891810944,0.9629229459215823,0.9629229459215823,0.8911400307169197,0.9452272973148751,0.9846601776521492,0.936613197394209,0.9728066785651736,0.9289250610824427,0.0,0.9527425825116801,0.9527425825116801,0.9527425825116801,0.9527425825116801,0.9765837965312185,0.9490110868573126,0.9490110868573126,0.9719933417524024,0.9765837965312185,0.9490110868573126,0.9490110868573126,0.9490110868573126,0.9490110868573126,0.8998408730214,0.9373151960494271,1.0,1.0,0.9373151960494271,0.956350661540823,0.97186428857565
SAMN17674650_k141_4329.region001,0.9749557504859575,0.9401247896273535,0.9309453691416016,0.9424206316460324,0.9864785760459673,0.97538635398687,0.9302744698625297,0.9864648626342493,1.0,0.9705216666929855,0.9705216666929855,1.0,0.9863121585203792,0.9722179331494937,0.9690621347501331,0.9604141036727377,1.0,0.9378876647850054,0.9722966227608469,0.9395270666499645,0.9004860904701115,0.943287341055208,0.9394101472723132,0.9739697849422321,0.9879311691822056,0.9879311691822056,0.9227572564463856,0.9583443977631888,1.0,0.937814131628202,1.0,0.9428278996595687,0.9527425825116801,0.0,0.7059381778600582,0.7826372895993121,0.6675886219904311,0.9879204762857138,0.9606927221839336,0.9606927221839336,0.9615920537579564,1.0,0.9606927221839336,0.9606927221839336,0.9606927221839336,0.9606927221839336,0.936263378724384,0.9160437487760186,0.9861425974588742,0.9861425974588742,0.9160437487760186,0.9575395770706171,0.9733368472504073
SAMN17674816_k141_2929.region001,0.9749557504859575,0.9401247896273535,0.9309453691416016,0.9424206316460324,0.9864785760459673,0.97538635398687,0.9302744698625297,0.9864648626342493,1.0,0.9705216666929855,0.9705216666929855,1.0,0.9863121585203792,0.9722179331494937,0.9690621347501331,0.9604141036727377,1.0,0.9378876647850054,0.9722966227608469,0.9395270666499645,0.9004860904701115,0.943287341055208,0.9394101472723132,0.9739697849422321,0.9879311691822056,0.9879311691822056,0.9227572564463855,0.9583443977631888,1.0,0.937814131628202,1.0,0.9428278996595687,0.9527425825116801,0.7059381778600582,0.0,0.7809916929855035,0.7042925812462495,0.9879204762857138,0.9606927221839336,0.9606927221839336,0.9615920537579564,1.0,0.9606927221839336,0.9606927221839336,0.9606927221839336,0.9606927221839336,0.936263378724384,0.9160437487760186,0.9861425974588742,0.9861425974588742,0.9160437487760186,0.9575395770706171,0.9733368472504073
SAMN17675306_k141_3914.region001,0.9749557504859575,0.9401247896273535,0.9309453691416016,0.9424206316460324,0.9864785760459673,0.97538635398687,0.9302744698625297,0.9864648626342493,1.0,0.9705216666929855,0.9705216666929855,1.0,0.9863121585203792,0.9722179331494937,0.9690621347501331,0.9604141036727377,1.0,0.9378876647850054,0.9722966227608469,0.9395270666499645,0.9004860904701115,0.943287341055208,0.9394101472723132,0.9739697849422321,0.9879311691822056,0.9879311691822056,0.9227572564463855,0.9583443977631888,1.0,0.937814131628202,1.0,0.9428278996595687,0.9527425825116801,0.7826372895993121,0.7809916929855035,0.0,0.7809916929855035,0.9879204762857138,0.9606927221839336,0.9606927221839336,0.9615920537579564,1.0,0.9606927221839336,0.9606927221839336,0.9606927221839336,0.9606927221839336,0.936263378724384,0.9160437487760186,0.9861425974588742,0.9861425974588742,0.9160437487760186,0.9575395770706171,0.9733368472504073
SAMN17675998_k141_2872.region001,0.9749557504859575,0.9401247896273535,0.9309453691416016,0.9424206316460324,0.9864785760459673,0.97538635398687,0.9302744698625297,0.9864648626342493,1.0,0.9705216666929855,0.9705216666929855,1.0,0.9863121585203792,0.9722179331494937,0.9690621347501331,0.9604141036727377,1.0,0.9378876647850054,0.9722966227608469,0.9395270666499645,0.9004860904701115,0.943287341055208,0.9394101472723132,0.9739697849422321,0.9879311691822056,0.9879311691822056,0.9227572564463855,0.9583443977631888,1.0,0.937814131628202,1.0,0.9428278996595687,0.9527425825116801,0.6675886219904311,0.7042925812462495,0.7809916929855035,0.0,0.9879204762857138,0.9606927221839336,0.9606927221839336,0.9615920537579564,1.0,0.9606927221839336,0.9606927221839336,0.9606927221839336,0.9606927221839336,0.936263378724384,0.9160437487760186,0.9861425974588742,0.9861425974588742,0.9160437487760186,0.9575395770706171,0.9733368472504073
SAMN25209157_k141_244174.region001,0.6493335008832979,0.9468741681108338,0.9439237176910894,0.9362131647620822,0.8256093705489805,0.90684185982727,0.9754501059490523,0.9760506914086595,1.0,1.0,1.0,0.8597856590691998,0.961268683845698,1.0,1.0,0.9346284761091362,1.0,0.9758195108061032,0.959752567453657,0.9883495020142905,0.9594682772756263,0.9745895219237837,0.9883495020142905,0.9628896574211856,0.9620684502963891,0.9620684502963891,1.0,0.9348101962462841,0.9748223007529737,0.9006274809137391,0.9866222479524557,0.9643714403979121,0.9765837965312185,0.9879204762857138,0.9879204762857138,0.9879204762857138,0.9879204762857138,0.0,0.5733748026214832,0.5733748026214832,0.6359593691064989,0.5825392792815486,0.5733748026214832,0.5733748026214832,0.5733748026214832,0.5733748026214832,0.9397404601198331,0.9760630746242532,1.0,1.0,0.9760630746242532,1.0,0.9185068435857331
SAMN25209160_k141_212082.region001,0.3163353571508778,0.9070158160242243,0.9006190558397607,0.9048373243911119,0.7781289907432156,0.6253460686861254,0.9471486800237365,0.9750727886847425,1.0,0.9854068061735047,0.9852241417090555,0.769634807451707,0.9608400407190453,0.984934103051218,0.9832864622180133,0.8867444451519602,1.0,0.9354010806730615,0.9291990449225624,0.9612097431429792,0.8969698009355076,0.9623116433695045,0.9612097431429792,0.9872168147101243,0.9401608603073613,0.9401608603073613,0.9639394297317206,0.9036957537445931,0.9735445733004641,0.8457201117042431,0.9757717707375386,0.9123507901280891,0.9490110868573126,0.9606927221839336,0.9606927221839336,0.9606927221839336,0.9606927221839336,0.5733748026214832,0.0,0.0,0.2820224048257166,0.4992890188217989,0.0,0.0,0.0,0.0016873804582635543,0.9001451364964602,0.9470203173719385,1.0,1.0,0.9470203173719385,0.962224073410322,0.869739746658668
SAMN25209161_k141_396804.region001,0.316335357150878,0.9070158160242243,0.9006190558397607,0.9048373243911119,0.7781289907432157,0.6253460686861254,0.9471486800237365,0.9750727886847425,1.0,0.9854068061735047,0.9852241417090555,0.769634807451707,0.9608400407190453,0.984934103051218,0.9832864622180133,0.8867444451519602,1.0,0.9354010806730615,0.9291990449225624,0.9612097431429792,0.8969698009355076,0.9623116433695045,0.9612097431429792,0.9872168147101243,0.9401608603073613,0.9401608603073613,0.9639394297317206,0.9036957537445931,0.9735445733004641,0.8457201117042431,0.9757717707375386,0.9123507901280891,0.9490110868573126,0.9606927221839336,0.9606927221839336,0.9606927221839336,0.9606927221839336,0.5733748026214832,0.0,0.0,0.2820224048257166,0.499289018821799,0.0,0.0,0.0,0.0016873804582634433,0.9001451364964602,0.9470203173719385,1.0,1.0,0.9470203173719385,0.962224073410322,0.869739746658668
SAMN25209162_k141_304645.region001,0.14803785048831275,0.9055051443364991,0.9145726880989338,0.9171381548380052,0.812461475893385,0.6130604328975149,0.9709163870043451,0.9881116376804157,1.0,0.9851984170327756,0.9850179577652186,0.7786513400751957,0.972281814513811,0.9847729704635304,0.9834348072279125,0.8833537375787838,1.0,0.9465783256807893,0.9416967719667577,0.9616101604936209,0.9199437515013943,0.9514948237405647,0.9616101604936209,0.9877281421217193,0.9504197923302863,0.9504197923302863,0.9640365710280296,0.9138064104232845,0.9727988566860626,0.8473676133343343,0.9873672051252993,0.9367093077925265,0.9719933417524024,0.9615920537579564,0.9615920537579564,0.9615920537579564,0.9615920537579564,0.6359593691064989,0.2820224048257166,0.2820224048257166,0.0,0.5651493509975156,0.2820224048257164,0.2820224048257164,0.2820224048257164,0.2812674923085978,0.9112945235452947,0.9484866059575795,1.0,1.0,0.9484866059575795,0.9623543385503307,0.8812128679536216
SAMN25209162_k141_56456.region001,0.5861961113721035,0.9494759372739847,0.9432836075120637,0.9477805720999493,0.8030303331116355,0.8809427876981968,0.9883495020142905,0.9750727886847425,1.0,1.0,1.0,0.8025411685769754,0.9608400407190453,1.0,1.0,0.9369374406625655,1.0,0.9883942133552445,0.9442447408832126,0.9883495020142905,0.9473235172204166,0.9872168147101243,0.9883495020142905,0.9872168147101243,0.9401608603073613,0.9401608603073613,0.9884951332391119,0.94500034529031,0.9735445733004641,0.8896794811631087,0.9757717707375386,0.951252480840547,0.9765837965312185,1.0,1.0,1.0,1.0,0.5825392792815486,0.4992890188217989,0.499289018821799,0.5651493509975156,0.0,0.499289018821799,0.499289018821799,0.499289018821799,0.499289018821799,0.9398059885730947,0.9880761885111243,1.0,1.0,0.9880761885111243,1.0,0.9327252161737523
SAMN25209163_k141_126057.region001,0.316335357150878,0.9070158160242243,0.9006190558397607,0.9048373243911119,0.7781289907432157,0.6253460686861254,0.9471486800237365,0.9750727886847425,1.0,0.9854068061735047,0.9852241417090555,0.769634807451707,0.9608400407190453,0.984934103051218,0.9832864622180133,0.8867444451519602,1.0,0.9354010806730615,0.9291990449225624,0.9612097431429792,0.8969698009355076,0.9623116433695045,0.9612097431429792,0.9872168147101243,0.9401608603073613,0.9401608603073613,0.9639394297317206,0.9036957537445931,0.9735445733004641,0.8457201117042431,0.9757717707375386,0.9123507901280891,0.9490110868573126,0.9606927221839336,0.9606927221839336,0.9606927221839336,0.9606927221839336,0.5733748026214832,0.0,0.0,0.2820224048257164,0.499289018821799,0.0,0.0,0.0,0.0016873804582634433,0.9001451364964602,0.9470203173719385,1.0,1.0,0.9470203173719385,0.962224073410322,0.869739746658668
SAMN25209164_k141_466547.region001,0.316335357150878,0.9070158160242243,0.9006190558397607,0.9048373243911119,0.7781289907432157,0.6253460686861254,0.9471486800237365,0.9750727886847425,1.0,0.9854068061735047,0.9852241417090555,0.769634807451707,0.9608400407190453,0.984934103051218,0.9832864622180133,0.8867444451519602,1.0,0.9354010806730615,0.9291990449225624,0.9612097431429792,0.8969698009355076,0.9623116433695045,0.9612097431429792,0.9872168147101243,0.9401608603073613,0.9401608603073613,0.9639394297317206,0.9036957537445931,0.9735445733004641,0.8457201117042431,0.9757717707375386,0.9123507901280891,0.9490110868573126,0.9606927221839336,0.9606927221839336,0.9606927221839336,0.9606927221839336,0.5733748026214832,0.0,0.0,0.2820224048257164,0.499289018821799,0.0,0.0,0.0,0.0016873804582634433,0.9001451364964602,0.9470203173719385,1.0,1.0,0.9470203173719385,0.962224073410322,0.869739746658668
SAMN25209170_k141_955335.region001,0.316335357150878,0.9070158160242243,0.9006190558397607,0.9048373243911119,0.7781289907432157,0.6253460686861254,0.9471486800237365,0.9750727886847425,1.0,0.9854068061735047,0.9852241417090555,0.769634807451707,0.9608400407190453,0.984934103051218,0.9832864622180133,0.8867444451519602,1.0,0.9354010806730615,0.9291990449225624,0.9612097431429792,0.8969698009355076,0.9623116433695045,0.9612097431429792,0.9872168147101243,0.9401608603073613,0.9401608603073613,0.9639394297317206,0.9036957537445931,0.9735445733004641,0.8457201117042431,0.9757717707375386,0.9123507901280891,0.9490110868573126,0.9606927221839336,0.9606927221839336,0.9606927221839336,0.9606927221839336,0.5733748026214832,0.0,0.0,0.2820224048257164,0.499289018821799,0.0,0.0,0.0,0.0016873804582634433,0.9001451364964602,0.9470203173719385,1.0,1.0,0.9470203173719385,0.962224073410322,0.869739746658668
SAMN25209178_k141_282.region001,0.3178565334679748,0.9070158160242243,0.9006190558397607,0.9048373243911119,0.7781289907432157,0.6267863432195386,0.9471486800237365,0.9750727886847425,1.0,0.9854068061735047,0.9852241417090555,0.7710892023236832,0.9608400407190453,0.984934103051218,0.9832864622180133,0.8867444451519602,1.0,0.9354010806730615,0.9291990449225624,0.9612097431429792,0.8969698009355076,0.9623116433695045,0.9612097431429792,0.9872168147101243,0.9401608603073613,0.9401608603073613,0.9639394297317206,0.9036957537445931,0.9735445733004641,0.8457201117042431,0.9757717707375386,0.9123507901280891,0.9490110868573126,0.9606927221839336,0.9606927221839336,0.9606927221839336,0.9606927221839336,0.5733748026214832,0.0016873804582635543,0.0016873804582634433,0.2812674923085978,0.499289018821799,0.0016873804582634433,0.0016873804582634433,0.0016873804582634433,0.0,0.9001451364964602,0.9470203173719385,1.0,1.0,0.9470203173719385,0.962224073410322,0.869739746658668
SAMN25209184_k141_326657.region001,0.9250204855555035,0.8997736874667487,0.9447277405509749,0.9444922719594806,0.9069146571534958,0.9333094907412302,0.8846934138294223,1.0,0.9746431898348368,0.9658040310420685,0.965806346676696,0.9880157637907415,0.9382007970449512,0.9684759201409815,0.9663118602198506,0.9444305669840919,0.9882477167496304,0.910888722349991,0.9457791191131804,0.8829472117224852,0.8713462576326629,0.8796844199603701,0.8851174786452378,0.9409616165354319,0.9109033019902478,0.9109033019902478,0.8451682024568714,0.9188503100264214,0.9427265672287992,0.9189080137632114,0.9455577699078688,0.92407879558761,0.8998408730214,0.936263378724384,0.936263378724384,0.936263378724384,0.936263378724384,0.9397404601198331,0.9001451364964602,0.9001451364964602,0.9112945235452947,0.9398059885730947,0.9001451364964602,0.9001451364964602,0.9001451364964602,0.9001451364964602,0.0,0.9330078825981144,1.0,1.0,0.9330078825981144,0.9398938191653341,0.9307218326006196
SAMN35165513_k141_1127080.region001,0.9488126613696893,0.938243674598698,0.9405968256410893,0.9398332953789369,0.9747708421903757,0.9604970469587619,0.9253910594432815,0.9854980671081243,1.0,0.9677914102914549,0.9677914102914549,1.0,0.9866711909477516,0.9709642936450288,0.9686159622023535,0.9573720961124633,1.0,0.9383929872122003,0.9705155422445139,0.9363727134508495,0.9097862902851095,0.9402150228914862,0.9363727134508495,0.97178245544542,0.987102679127179,0.987102679127179,0.8985558757410693,0.944006928633961,1.0,0.9461131597237789,1.0,0.94043934048389,0.9373151960494271,0.9160437487760186,0.9160437487760186,0.9160437487760186,0.9160437487760186,0.9760630746242532,0.9470203173719385,0.9470203173719385,0.9484866059575795,0.9880761885111243,0.9470203173719385,0.9470203173719385,0.9470203173719385,0.9470203173719385,0.9330078825981144,0.0,0.9855805669930202,0.9855805669930202,0.4763347322762428,0.9559883283586446,0.958010590895929
SAMN35165513_k141_824380.region001,0.9874557527529257,1.0,1.0,1.0,1.0,1.0,1.0,0.9856189165488899,1.0,1.0,1.0,1.0,1.0,1.0,1.0,0.9875623062044453,1.0,1.0,1.0,1.0,1.0,1.0,1.0,1.0,1.0,1.0,1.0,1.0,1.0,1.0,1.0,1.0,1.0,0.9861425974588742,0.9861425974588742,0.9861425974588742,0.9861425974588742,1.0,1.0,1.0,1.0,1.0,1.0,1.0,1.0,1.0,1.0,0.9855805669930202,0.0,0.20640623631823152,0.9855805669930202,1.0,1.0
SAMN35165515_k141_472203.region001,0.9874557527529257,1.0,1.0,1.0,1.0,1.0,1.0,0.9856189165488899,1.0,1.0,1.0,1.0,1.0,1.0,1.0,0.9875623062044453,1.0,1.0,1.0,1.0,1.0,1.0,1.0,1.0,1.0,1.0,1.0,1.0,1.0,1.0,1.0,1.0,1.0,0.9861425974588742,0.9861425974588742,0.9861425974588742,0.9861425974588742,1.0,1.0,1.0,1.0,1.0,1.0,1.0,1.0,1.0,1.0,0.9855805669930202,0.20640623631823152,0.0,0.9855805669930202,1.0,1.0
SAMN35165515_k141_96319.region001,0.9488126613696893,0.938243674598698,0.9284292890525139,0.9397184763493871,0.9748816790570509,0.9604970469587619,0.9253910594432815,0.9854980671081243,1.0,0.9677914102914549,0.9677914102914549,1.0,0.9866711909477516,0.9709642936450288,0.9686159622023535,0.9573720961124633,1.0,0.9385081510436406,0.9705155422445139,0.9363727134508495,0.910011893472134,0.9403252227646747,0.9363727134508495,0.9718945886497171,0.987102679127179,0.987102679127179,0.910237477541295,0.944006928633961,1.0,0.9461131597237789,1.0,0.9405498579359639,0.9373151960494271,0.9160437487760186,0.9160437487760186,0.9160437487760186,0.9160437487760186,0.9760630746242532,0.9470203173719385,0.9470203173719385,0.9484866059575795,0.9880761885111243,0.9470203173719385,0.9470203173719385,0.9470203173719385,0.9470203173719385,0.9330078825981144,0.4763347322762428,0.9855805669930202,0.9855805669930202,0.0,0.9558741927756992,0.958010590895929
SAMN35165530_k141_845541.region001,0.9756668117910153,0.9594306999305853,0.9598356601489567,0.9592457259509691,0.9867162682981714,0.9625614654647296,0.9561880202506466,0.9865337437404363,1.0,0.970137847613977,0.970137847613977,1.0,0.9755736825741699,0.9710476630256963,0.9704612197230642,0.9751538449724201,1.0,0.9572977261782397,0.9743563896299775,0.9548321795307927,0.9307053574181053,0.9581165599198697,0.9547183826291025,0.9848004809053308,0.9868744079612883,0.9868744079612883,0.9458728355020548,0.9612035252172584,1.0,0.9750332764628258,1.0,0.9592943304252798,0.956350661540823,0.9575395770706171,0.9575395770706171,0.9575395770706171,0.9575395770706171,1.0,0.962224073410322,0.962224073410322,0.9623543385503307,1.0,0.962224073410322,0.962224073410322,0.962224073410322,0.962224073410322,0.9398938191653341,0.9559883283586446,1.0,1.0,0.9558741927756992,0.0,0.9622552905012698
SAMN40547840_k141_3546768.region001,0.8850375750190709,0.9452060993792711,0.9531257552886365,0.9542601856131405,0.9363942624931351,0.9485084961633329,0.95950277193982,0.9869685975200296,1.0,0.9849985560862929,0.9849985560862929,0.9697997247526687,0.9867602723783431,0.9736458383516197,0.9847051624684185,0.9213873495605259,1.0,0.9579200127088444,0.9730916962970998,0.9594435443885853,0.9580405829082835,0.9634218357012198,0.9593300841641189,0.976616855025601,0.9883495020142905,0.9883495020142905,0.9877099346174489,0.9433696116690933,0.9876733570419056,0.9338824879881767,0.9761506034373181,0.9610105291697236,0.97186428857565,0.9733368472504073,0.9733368472504073,0.9733368472504073,0.9733368472504073,0.9185068435857331,0.869739746658668,0.869739746658668,0.8812128679536216,0.9327252161737523,0.869739746658668,0.869739746658668,0.869739746658668,0.869739746658668,0.9307218326006196,0.958010590895929,1.0,1.0,0.958010590895929,0.9622552905012698,0.0